Категория товара,Модель,Цена
Газовая плита,Газовая плита de luxe 5040.40г(кр) ЧР-010,28799
Газовая плита,"Газовая плита Gefest ПГ 1200-С7 К89 60 см, 63 л, 4 конфорки, коричневый",22967
Газовая плита,"Газовая плита GEFEST ПГ 3200-06, 4 конфорки, ящик для посуды",21969
Газовая плита,Газовая плита (50-55 см) Darina GM 4M42 008,20999
Газовая плита,Газовая плита Darina GM 4M42 002 WG,19999
Газовая плита,Газовая плита Darina GM 4M42 002 WG,19199
Газовая плита,Газовая плита (60 см) Darina 1D GM141 002W,18999
Газовая плита,"Газовая плита KRAFT KF-FSK5302ES с электрической духовкой, серебристая",18761
Газовая плита,Газовая плита GEFEST 3200-08 с газовой духовкой и стальными решётками,18503
Газовая плита,Газовая плита (60 см) Darina 1D GM141 002W,18239
Газовая плита,"Газовая плита Darina A 3001 W, с ящиком для посуды, 4 конфорки, электроподжиг",17128
Газовая плита,Газовая плита Darina GM 4M41 001,16999
Газовая плита,"Газовая плита Гефест GEFEST 3200-08 К85, белый без крышки ширина 50 см",16990
Газовая плита,Газовая плита Darina GM 4M41 001,16319
Газовая плита,Газовая плита Flama RG 24038-W,15999
Газовая плита,Газовая плита Flama RG 24038-W,15359
Газовая плита,Плита KRAFT KF-FSK5301GS,14839
Газовая плита,"Плита газовая настольная GEFEST ПГ 900, 4 конфорки, эмалированная сталь, белый",7979
Газовая плита,"Газовая плита GEFEST ПГ 900 К17 настольная, коричневая, ширина 50 см",7227
Газовая плита,Gefest ПГ 700-02,3959
Газовая плита,"Газовая плита ""Energy"" en-004b, 4 конфорки, настольная, эмалированная сталь, черная",3858
Газовая плита,"Газовая Настольная плита Energy EN-004B, 4 конфорки, сталь, черный",3633
Газовая плита,"Настольная плита на две конфорки для дома, дачи/газовая/от газа для кухни, варочная панель, 2 конфорки",3267
Газовая плита,Газовая плита (50-55 см) Flama ПГ2 1267 тип СG мод.3202 белый,3202
Газовая плита,"Чайник со свистком 1,5 л PERFECTO LINEA серия Holiday, нержавеющая сталь, цвет серебристый металлик (52-112018)",618
